title,url,source
Courtesy Zahydie L. Burgos Ribot,https://www.cnn.com/2025/04/24/health/alzheimers-research-nih-funding/index.html,CNN Health
FDA may ask Novavax to conduct additional trials of its Covid-19 vaccine to receive full approval,https://www.cnn.com/2025/04/25/health/novavax-covid-vaccine-trial/index.html,CNN Health
Signs you’re in a ‘silent divorce’ are loud and clear,https://www.cnn.com/2025/04/26/health/silent-divorce-wellness/index.html,CNN Health
Many in the autism community say RFK Jr. is pushing harmful and regressive rhetoric about who they are,https://www.cnn.com/2025/04/19/health/autism-rfk-criticism/index.html,CNN Health
"Beyond Ivy League, RFK Jr.’s NIH slashed science funding across states that backed Trump",https://www.cnn.com/2025/04/25/health/nih-science-funding-states-kff-health-news/index.html,CNN Health
"Concerned about US vaccine misinformation and access, public health experts start Vaccine Integrity Project",https://www.cnn.com/2025/04/24/health/vaccine-information-project/index.html,CNN Health
Jackie Akerberg,https://www.cnn.com/2025/04/25/health/how-to-cook-tofu-wellness/index.html,CNN Health
PLOS One,https://www.cnn.com/2025/04/26/science/gladiator-lion-bite-science-newsletter-wt/index.html,CNN Health
Courtesy AWARE Wildlife Center,https://www.cnn.com/2025/04/25/science/feathered-family-stuck-on-a-rooftop-gets-a-fairytale-ending/index.html,CNN Health
What these experts on happiness want you to know about making your weekdays more fulfilling,https://www.cnn.com/2025/04/19/health/living-for-weekends-fulfilling-weekday-wellness/index.html,CNN Health
How fathers can control their thoughts and find calm in the storm,https://www.cnn.com/2025/04/18/health/fathers-finding-calm-jett-stone-wellness/index.html,CNN Health
Working out can make your posture worse. Here’s how to correct that,https://www.cnn.com/2025/04/18/health/posture-muscle-imbalances-in-workouts-wellness/index.html,CNN Health
"Yawning may be more dangerous than you think, experts say",https://www.cnn.com/2025/04/14/health/sleepiness-dangers-wellness/index.html,CNN Health
"Walking faster may reduce your risk of abnormal heart rhythms, study finds",https://www.cnn.com/2025/04/17/health/walking-speed-afib-arrhythmia-study-wellness/index.html,CNN Health
Stress doesn’t just affect your bladder. It can hijack your overall health,https://www.cnn.com/2025/04/16/health/stress-urological-health-wellness/index.html,CNN Health
Jason Evans,https://www.cnn.com/2025/04/23/health/infant-heart-transplant-wellness/index.html,CNN Health
